"name","Openness","concientiousness","extraversion","agreeableness","neuroticism"
"indiex_lion","57","39","46","32","23"
"lillibow","84","57","65","78","73"
"StillTrain9","81","53","1","85","37"
"mehmet2836","85","8","16","1","93"
"springbreak2007","2","83","96","2","24"
"Komqr","57","13","39","16","74"
"zienxl","83","62","56","60","50"
"partyslat","77","52","42","75","67"
"Zeus2459","98","0","7","65","64"
"EmpathFairy1","87.5","31","60","62.5","58"
"heromen9","85","88","82","74","77"
"YourFriend","69","85","53","6","56"
"kurka123456789","50","84","61","31","94"
"N1NSKO","69,"87","83","2","1"
"xsaon","82","80","42","34","12"
"agoodegg12345","67","42","27","1","19"
"Al7XOb","100","33","48","54","60"
"sarge4566","54","73","46","3","82"
"newtonseitz","86","50","75","49","87"
"Valonqar","90","21","19","52","90"
"tanishxxaa","84","25","67","22","54"
"SkullLunar","100","21","50","71","71"
"nomenheroicis","90","6","23","69","58"
"Erydhrt","91","1","78","13","87"
"searching_myself","33","26","24","36","91"
"bbbonned","85","50","44","66","85"
"Gen-Zenith","66","73","45","85","84"
"Rhannah_D","95","25","5","8","95"

